{"_wandb":{"runtime":782},"train/loss":5.3225,"train/grad_norm":5.9375,"_runtime":782,"train/learning_rate":0.0002998916967509025,"train/epoch":0.012024650533593867,"train/global_step":30,"_step":29,"_timestamp":1.7742690256654294e+09}