{"train/global_step":383,"_step":382,"train/learning_rate":0.0002985228509249184,"train/grad_norm":16.125,"train/epoch":0.05208050040794126,"_timestamp":1.7742697118548722e+09,"_runtime":80,"train/loss":4.9613,"_wandb":{"runtime":80}}