{"_step":37,"_timestamp":1.7742695537022963e+09,"train/loss":6.2928,"_wandb":{"runtime":50},"_runtime":50,"train/learning_rate":0.00029949654491609077,"train/epoch":0.037466107961547944,"train/grad_norm":8.6875,"train/global_step":38}